Neighborhood,Latitude,Longitude
Anza Vista,37.7808364,-122.4431489
Balboa Park,37.72494875,-122.444804524152
Bayview,37.7288889,-122.3925
Belden Place,37.791744,-122.4038861
Bernal Heights,37.7410008,-122.4142136
China Basin,37.7763295,-122.39183853009
Civic Center,37.7795939,-122.4167938
Cole Valley,37.7658133,-122.4499624
Corona Heights,37.7648857,-122.4393677
Cow Hollow,37.7972616,-122.4362477
Dogpatch,37.7606977,-122.3892016
Dolores Heights,37.7454352,-122.4244795
Duboce Triangle,37.7671382,-122.43223
Embarcadero,37.7928637,-122.396912
Eureka Valley,37.7609556,-122.4355087
Fillmore,37.7898789,-122.4342866
Financial District,37.7936467,-122.3989378
Financial District South,37.7936467,-122.3989378
Forest Hill,37.7474307,-122.4635825
Glen Park,37.7331037,-122.4338051
Haight-Ashbury,37.7700148,-122.4469519
Hayes Valley,37.7766853,-122.4229361
Hunters Point,37.7267715,-122.3715718
India Basin,37.7360416,-122.370526
Ingleside,37.7229872,-122.4530272
Inner Sunset,37.76145,-122.4676432
Irish Hill,37.7589682,-122.3860326
Islais Creek,37.74671735,-122.388298759379
Jackson Square,37.7951465,-122.4097983
Japantown,37.7855789,-122.4298089
Jordan Park,37.7846516,-122.4566383
Lake Street,37.7857054,-122.48623
Lakeside,37.7307481,-122.4753290062
Lakeshore,37.7330369,-122.490249388431
Laurel Heights,37.7867036,-122.4502533
Little Saigon,37.7843156,-122.4163481
Lone Mountain,37.7790963,-122.4519159
Lower Pacific Heights,37.7857666,-122.4389042
Marina District,37.8029843,-122.4374715
Mission Bay,37.7707742,-122.3911712
Nob Hill,37.7932622,-122.415249
Noe Valley,37.7515906,-122.4320814
North Beach,37.8011749,-122.4090021
North of Panhandle,37.7784081,-122.4425992
Oceanview,37.7136512,-122.457483
Outer Mission,37.7452716,-122.4199359
Outer Sunset,37.7533034,-122.4951588
Pacific Heights,37.7927171,-122.4356445
Parkmerced,37.71717615,-122.478947319744
Parkside,37.73836365,-122.483982014401
Parnassus,37.7652671,-122.4477545
Potrero Hill,37.7565834,-122.3991374
Presidio,37.7987456,-122.464588924107
Presidio Heights,37.7887511,-122.4530266
Richmond District,37.7806432,-122.4725964
Rincon Hill,37.7852068,-122.3919152
Russian Hill,37.7977066,-122.4149712
Saint Francis Wood,37.7346534,-122.4680272
Silver Terrace,37.7338538,-122.4000282
South of Market,37.7808925,-122.4009518
South Park,37.7815898,-122.393974669315
Sunnydale,37.7095192,-122.4047795
Telegraph Hill,37.8027297,-122.4058515
Tenderloin,37.7842493,-122.4139933
Treasure Island,37.8233541,-122.370153102287
Union Square,37.7879363,-122.40751740318
University Mound,37.7238866,-122.4105938
Visitacion Valley,37.7121319,-122.4097128
West Portal,37.7411405,-122.4656336
Western Addition,37.779559,-122.4298104
Willowbrook,29.66025385,-95.4560961512888
Greater Greenspoint,29.944719,-95.4160739082852
Carverdale,29.8486866,-95.5394501446645
Fairbanks ,29.8527259,-95.5243864
Westbranch,29.839541,-95.5515223510907
Addicks ,29.7824508,-95.6424457
Spring Branch West,29.8014103,-95.5478793
Langwood,29.8262816,-95.4827951690116
Independence Heights,29.8283477,-95.3880039
Lazybrook ,29.803899,-95.439195
Greater Heights,29.8145813,-95.381944
Memorial,29.7186246,-95.3909358
Eldridge ,29.74704885,-95.6211188711724
Briar Forest,29.729732,-95.5044444419653
Westchase,29.7251759,-95.551037
Afton Oaks ,29.7314998,-95.4537250175848
Alief,29.7110641,-95.5963337
Sharpstown,29.6848622,-95.515562401693
Gulfton,29.7148861,-95.4972176
University Place,29.7189494,-95.3410921774191
Westwood,29.6848703,-95.40774328474
Braeburn,29.67805965,-95.5295063147774
Braeswood,29.66687585,-95.5074952136003
Medical Center,29.7589382,-95.3676974
Astrodome Area,29.6852302,-95.4034683
South Main,29.7589382,-95.3676974
Westbury,29.6486307,-95.4803719470609
Willow Meadows ,29.67634085,-95.4512829325985
Fondren Gardens,29.6944765,-95.5147376585982
Central Southwest,29.7589382,-95.3676974
IAH Airport,29.9839236,-95.3322023535375
Kingwood,30.0497077,-95.1846301
Lake Houston,30.0001057,-95.1270526007636
Trinity ,29.766979,-95.3739084
East Houston,29.8296699,-95.2699349
Settegast,29.8416141,-95.2843797
Kashmere Gardens,29.82273235,-95.31509829494
El Dorado ,29.6088582,-95.1284223
Denver Harbor ,29.781616,-95.2946582
Pleasantville Area,29.7640162,-95.2679387674853
Northshore,30.0266433,-95.2227733
Clinton Park ,29.740506,-95.2574352
Downtown,29.76428215,-95.3674131325204
Midtown,29.74141445,-95.3532013695763
Second Ward,29.747542,-95.3401067
Harrisburg ,29.7182845,-95.2796581
Pecan Park,29.8447366,-95.4921838
South Park,29.7589382,-95.3676974
Golfcrest ,29.6913409,-95.2988254
Park Place,29.6924518,-95.2774358
Meadowbrook ,29.68100875,-95.260821750768
South Acres ,29.770793,-95.328129
Minnetex,29.6168799,-95.3553365
Edgebrook,29.640078,-95.246199
South Belt ,29.938805,-95.339947
Magnolia Park,29.7324508,-95.2921584
MacGregor,29.71184985,-95.3583203453638
Spring Branch North,29.778449,-95.4831901
Spring Branch Central,29.778449,-95.4831901
Spring Branch East,29.778449,-95.4831901
Greenway ,29.7143567,-95.3860767
Lawndale ,29.7181863,-95.2975177462622
